TeamId, TeamName, SubmissionDate, Score
22889,"AstroDave",9/5/2012 6:06:10 PM,2.18509
22889,"AstroDave",9/5/2012 6:31:06 PM,1.92080
22889,"AstroDave",9/5/2012 6:52:49 PM,0.26339
22986,"Lenstool Maximum Likelihood",9/6/2012 4:48:35 PM,1.01880
22991,"Gridded Signal Benchmark",9/6/2012 5:24:02 PM,1.58061
22993,"Single Halo Maximum Likelihood",9/6/2012 5:29:55 PM,2.20718
23101,"Randomly Placing Halos",9/7/2012 11:39:46 PM,1.94802
25513,"Lucas Mokrzycki",10/12/2012 4:48:24 PM,1.58061
25515,"Team Paheli",10/12/2012 6:16:23 PM,1.01880
25519,"InvincibleGuy",10/12/2012 7:47:35 PM,1.01880
25538,"Twan van Laarhoven",10/13/2012 2:20:45 AM,2.06714
25548,"PlanetThanet",10/13/2012 2:56:01 PM,2.26795
25548,"PlanetThanet",10/13/2012 4:44:50 PM,1.53741
25563,"Benoit Plante",10/13/2012 6:23:23 PM,1.01880
25583,"Supernova",10/14/2012 3:41:52 AM,1.94361
25587,"ZeroOne",10/14/2012 6:31:44 AM,1.91184
25590,"Yasser Tabandeh",10/14/2012 7:48:17 AM,0.97985
25596,"HairyFotr",10/14/2012 10:37:00 AM,2.21978
25596,"HairyFotr",10/14/2012 11:15:54 AM,1.93582
25538,"Twan van Laarhoven",10/14/2012 2:48:45 PM,1.34602
25605,"nhatvo",10/14/2012 3:39:46 PM,1.28462
25548,"PlanetThanet",10/14/2012 4:11:19 PM,1.04522
25587,"ZeroOne",10/14/2012 8:30:49 PM,1.76738
25602,"Corey Chivers",10/14/2012 9:46:11 PM,1.38652
25548,"PlanetThanet",10/14/2012 10:23:48 PM,1.02238
25583,"Supernova",10/15/2012 12:01:07 AM,1.30801
25596,"HairyFotr",10/15/2012 12:02:22 AM,1.77325
25583,"Supernova",10/15/2012 12:03:38 AM,1.04578
25587,"ZeroOne",10/15/2012 12:04:39 AM,1.01880
25602,"Corey Chivers",10/15/2012 4:15:32 AM,1.34325
25649,"Xiaoshi Lu",10/15/2012 6:45:53 AM,1.01880
25671,"Revenge of the Dodo",10/15/2012 12:57:25 PM,1.01880
25605,"nhatvo",10/15/2012 2:40:39 PM,1.19421
25605,"nhatvo",10/15/2012 5:08:53 PM,0.96062
25712,"Alan Sapède",10/15/2012 5:53:38 PM,2.57149
25712,"Alan Sapède",10/15/2012 5:58:24 PM,2.13509
25725,"Olexandr Topchylo",10/15/2012 8:02:08 PM,1.01872
25734,"proth",10/15/2012 9:57:54 PM,1.01880
25548,"PlanetThanet",10/15/2012 11:53:50 PM,1.00782
25737,"Ansible",10/15/2012 11:59:09 PM,1.01880
25583,"Supernova",10/16/2012 12:29:22 AM,1.03938
25649,"Xiaoshi Lu",10/16/2012 3:06:50 AM,1.01832
25760,"kawi",10/16/2012 7:10:05 AM,1.01880
25770,"Marius",10/16/2012 12:26:55 PM,1.16670
25773,"johnsonav",10/16/2012 12:30:57 PM,1.98321
25774,"kid b",10/16/2012 12:36:40 PM,1.01880
25776,"Sean Owen",10/16/2012 1:11:17 PM,1.39003
25776,"Sean Owen",10/16/2012 1:31:33 PM,1.37183
25786,"Intouchable",10/16/2012 2:49:09 PM,1.58061
25804,"New",10/16/2012 7:27:24 PM,1.48356
25583,"Supernova",10/16/2012 8:50:43 PM,1.01880
25548,"PlanetThanet",10/16/2012 8:53:15 PM,0.99439
25548,"PlanetThanet",10/16/2012 10:19:35 PM,0.99070
25583,"Supernova",10/17/2012 1:00:33 AM,1.01800
25831,"August Falcon",10/17/2012 3:12:15 AM,1.01880
25837,"Dark Wanderer",10/17/2012 4:43:26 AM,1.43856
25548,"PlanetThanet",10/17/2012 5:51:16 AM,0.97981
25849,"pythia",10/17/2012 10:44:09 AM,1.71850
25851,"Team B",10/17/2012 11:27:36 AM,1.02704
25590,"Yasser Tabandeh",10/17/2012 11:29:38 AM,0.96562
25865,"SuperPippo",10/17/2012 3:51:18 PM,1.15421
25596,"HairyFotr",10/17/2012 4:54:51 PM,1.58431
25894,"Ilya",10/17/2012 7:13:00 PM,1.33696
25894,"Ilya",10/17/2012 8:04:22 PM,1.21718
25897,"StarAlliance",10/17/2012 8:12:09 PM,1.76064
25897,"StarAlliance",10/17/2012 8:20:11 PM,1.44589
25900,"DarknessAwaits",10/17/2012 8:57:48 PM,1.44850
25901,"sakattack",10/17/2012 9:13:59 PM,1.01875
25905,"nonedone",10/17/2012 9:38:10 PM,1.01880
25906,"89449",10/17/2012 9:45:20 PM,1.01880
25548,"PlanetThanet",10/17/2012 9:54:25 PM,0.97662
25725,"Olexandr Topchylo",10/17/2012 11:36:50 PM,1.01179
25773,"johnsonav",10/18/2012 12:45:59 AM,1.26532
25898,"Michael",10/18/2012 3:36:01 AM,2.21695
25930,"Kingsfield",10/18/2012 4:37:37 AM,1.01880
25947,"Muthu Jothi",10/18/2012 7:10:50 AM,1.58061
25949,"ThePawn",10/18/2012 7:30:59 AM,2.27234
25949,"ThePawn",10/18/2012 7:54:22 AM,2.01861
25746,"luoq",10/18/2012 11:15:47 AM,2.46496
25746,"luoq",10/18/2012 11:17:41 AM,2.16870
25849,"pythia",10/18/2012 2:30:05 PM,1.51497
25776,"Sean Owen",10/18/2012 2:34:21 PM,1.04508
25894,"Ilya",10/18/2012 7:13:46 PM,1.14641
25894,"Ilya",10/18/2012 8:07:34 PM,1.08377
26013,"47559",10/18/2012 10:06:31 PM,2.09452
25898,"Michael",10/18/2012 11:24:01 PM,1.81540
25804,"New",10/19/2012 12:15:16 AM,1.01880
25538,"Twan van Laarhoven",10/19/2012 12:34:04 AM,1.24856
25898,"Michael",10/19/2012 12:44:48 AM,1.30797
25894,"Ilya",10/19/2012 3:38:18 AM,1.05389
25746,"luoq",10/19/2012 8:14:47 AM,1.87337
25746,"luoq",10/19/2012 12:18:32 PM,1.36186
25773,"johnsonav",10/19/2012 1:38:38 PM,1.23176
26065,"theory",10/19/2012 7:32:29 PM,1.01880
25583,"Supernova",10/20/2012 12:26:12 AM,1.01792
25773,"johnsonav",10/20/2012 1:31:58 AM,1.20491
25949,"ThePawn",10/20/2012 3:44:53 AM,1.50598
26089,"mjauch",10/20/2012 4:19:25 AM,1.88665
25918,"The Sombrero Galaxy",10/20/2012 5:27:16 AM,2.22612
25918,"The Sombrero Galaxy",10/20/2012 5:37:56 AM,1.88456
26093,"46937",10/20/2012 6:13:03 AM,2.07773
26108,"baldmountain",10/20/2012 1:04:34 PM,1.73591
25949,"ThePawn",10/20/2012 2:17:58 PM,1.45890
25889,"nooshin1",10/20/2012 3:49:51 PM,1.58061
26123,"AMPires",10/20/2012 4:45:57 PM,2.09918
25851,"Team B",10/20/2012 8:45:05 PM,1.01880
26138,"Chris H.",10/20/2012 9:00:22 PM,1.86289
25548,"PlanetThanet",10/20/2012 9:43:00 PM,0.90346
26123,"AMPires",10/20/2012 10:57:41 PM,1.56648
26089,"mjauch",10/20/2012 11:53:40 PM,1.53373
25773,"johnsonav",10/21/2012 12:15:56 AM,1.16084
26138,"Chris H.",10/21/2012 12:59:35 AM,1.47043
25583,"Supernova",10/21/2012 1:22:39 AM,1.01475
25583,"Supernova",10/21/2012 1:47:44 AM,0.99177
26151,"Martin",10/21/2012 2:37:49 AM,1.12556
25548,"PlanetThanet",10/21/2012 7:19:21 AM,0.89208
26165,"Victor",10/21/2012 9:26:53 AM,1.54198
25949,"ThePawn",10/21/2012 10:31:30 AM,1.38877
25900,"DarknessAwaits",10/21/2012 11:52:34 AM,1.22375
26173,"drago",10/21/2012 1:11:52 PM,1.32755
26180,"paper plates",10/21/2012 3:31:33 PM,1.58061
26180,"paper plates",10/21/2012 3:33:41 PM,1.01880
26182,"Mathadroit",10/21/2012 4:25:40 PM,2.06703
26123,"AMPires",10/21/2012 5:24:44 PM,1.29760
25518,"rezashams",10/21/2012 6:04:02 PM,1.77814
25548,"PlanetThanet",10/21/2012 8:34:52 PM,0.88776
26182,"Mathadroit",10/21/2012 8:46:52 PM,1.66990
26173,"drago",10/21/2012 9:41:40 PM,1.27532
26138,"Chris H.",10/21/2012 11:41:13 PM,1.41522
26123,"AMPires",10/21/2012 11:44:20 PM,1.07330
25583,"Supernova",10/22/2012 12:16:10 AM,0.93778
26212,"73043",10/22/2012 12:37:39 AM,1.34972
26108,"baldmountain",10/22/2012 1:25:16 AM,1.46304
26238,"MedSci",10/22/2012 7:47:48 AM,1.43856
25837,"Dark Wanderer",10/22/2012 9:35:33 AM,1.13510
25949,"ThePawn",10/22/2012 9:46:24 AM,1.33368
25837,"Dark Wanderer",10/22/2012 10:42:17 AM,1.08859
26245,"IST-AML-TeamZero",10/22/2012 11:39:28 AM,1.94802
25548,"PlanetThanet",10/22/2012 8:59:30 PM,0.88277
25898,"Michael",10/22/2012 11:37:14 PM,1.24471
25773,"johnsonav",10/23/2012 12:01:20 AM,1.12412
26182,"Mathadroit",10/23/2012 12:21:46 AM,1.53474
26304,"ConformistsNeverProsper",10/23/2012 1:21:07 AM,1.44174
25548,"PlanetThanet",10/23/2012 6:11:22 AM,0.86938
26251,"IST-AML-Pékemens",10/23/2012 9:50:20 AM,1.01880
26325,"Manuel Díaz",10/23/2012 10:16:07 AM,34.50178
26329,"Nociv",10/23/2012 11:58:25 AM,1.01880
26248,"IST - AML - DJS",10/23/2012 4:14:40 PM,1.01880
26304,"ConformistsNeverProsper",10/23/2012 4:59:11 PM,1.35771
25773,"johnsonav",10/24/2012 12:10:48 AM,1.00177
25949,"ThePawn",10/24/2012 12:18:42 AM,1.15045
26374,"broccoli7",10/24/2012 12:42:38 AM,1.01880
26387,"32082",10/24/2012 4:21:07 AM,1.76738
26325,"Manuel Díaz",10/24/2012 6:48:06 AM,1.61474
25947,"Muthu Jothi",10/24/2012 7:30:10 AM,1.01880
26325,"Manuel Díaz",10/24/2012 7:33:48 AM,1.59233
26406,"mohammad mosavi",10/24/2012 12:33:33 PM,1.95595
25897,"StarAlliance",10/24/2012 12:57:32 PM,1.37197
26419,"IST - AML - BMW 2010",10/24/2012 2:24:45 PM,1.01880
26438,"IST-AML-POWERPUFFGIRLS",10/24/2012 4:39:20 PM,1.01880
26165,"Victor",10/24/2012 6:09:29 PM,1.18417
26464,"Anand Thakur",10/24/2012 6:17:52 PM,1.01880
26501,"Shrey",10/24/2012 9:40:09 PM,1.01880
26182,"Mathadroit",10/24/2012 11:35:01 PM,1.32188
26138,"Chris H.",10/24/2012 11:50:23 PM,1.16715
26182,"Mathadroit",10/25/2012 12:34:08 AM,1.29286
26548,"ArcaneLord",10/25/2012 4:58:40 AM,1.02003
26551,"garlic",10/25/2012 5:16:08 AM,1.27213
26556,"miguel",10/25/2012 5:56:35 AM,1.43856
26238,"MedSci",10/25/2012 6:42:09 AM,1.21495
26607,"yolo",10/25/2012 3:36:25 PM,1.28579
26165,"Victor",10/25/2012 5:48:32 PM,1.02682
26336,"harrak",10/26/2012 1:09:11 AM,2.62765
25949,"ThePawn",10/26/2012 2:13:41 AM,1.04225
26686,"Dmitry Efimov",10/26/2012 8:58:19 AM,1.52767
26686,"Dmitry Efimov",10/26/2012 9:17:32 AM,1.12803
26691,"datamonkey",10/26/2012 11:40:29 AM,2.02022
26435,"IST_AML_Passos",10/26/2012 2:27:04 PM,1.01880
26173,"drago",10/26/2012 2:55:24 PM,1.25581
26708,"69928",10/26/2012 3:42:51 PM,1.94802
26711,"Julian Villaruz",10/26/2012 4:02:30 PM,1.76738
26716,"Francisco José Sánchez Sánchez",10/26/2012 5:40:16 PM,2.20718
26725,"alegro",10/26/2012 6:43:35 PM,1.14849
26725,"alegro",10/26/2012 9:30:20 PM,1.03504
26336,"harrak",10/27/2012 2:14:55 AM,2.12838
26775,"DongpoLaonong",10/27/2012 10:39:42 AM,1.76738
26464,"Anand Thakur",10/27/2012 12:27:07 PM,1.00369
26753,"Damien",10/27/2012 12:41:26 PM,1.51196
26753,"Damien",10/27/2012 1:06:41 PM,1.44985
25897,"StarAlliance",10/27/2012 4:48:33 PM,1.30055
26791,"Alexander D'yakonov (MSU, Moscow, Russia)",10/27/2012 5:07:46 PM,1.75622
26791,"Alexander D'yakonov (MSU, Moscow, Russia)",10/27/2012 5:09:53 PM,1.32943
26464,"Anand Thakur",10/28/2012 12:16:30 AM,0.98356
26108,"baldmountain",10/28/2012 12:19:57 AM,1.38578
26304,"ConformistsNeverProsper",10/28/2012 2:13:15 AM,1.15900
26826,"NukaCola",10/28/2012 2:42:33 AM,1.21008
26830,"BAHAMUT",10/28/2012 3:18:10 AM,1.01880
26775,"DongpoLaonong",10/28/2012 9:06:33 AM,1.73436
26775,"DongpoLaonong",10/28/2012 9:13:08 AM,1.56335
26853,"wacax",10/28/2012 1:20:54 PM,2.12831
26865,"70948",10/28/2012 4:16:16 PM,1.94802
26866,"marcin_t",10/28/2012 4:59:26 PM,1.32150
25773,"johnsonav",10/28/2012 7:02:17 PM,0.99604
26887,"Meowmix",10/28/2012 9:40:35 PM,2.20718
26906,"dkpush",10/29/2012 2:31:50 AM,1.70075
26906,"dkpush",10/29/2012 2:47:05 AM,1.63384
26924,"92624",10/29/2012 8:52:46 AM,1.41247
26925,"Pityke",10/29/2012 9:20:26 AM,1.28603
25897,"StarAlliance",10/29/2012 10:16:54 AM,1.29399
26934,"portal",10/29/2012 11:18:42 AM,1.11250
26938,"NeoGr",10/29/2012 12:10:24 PM,2.15553
26938,"NeoGr",10/29/2012 12:12:25 PM,1.76738
25773,"johnsonav",10/29/2012 12:19:12 PM,0.99047
26791,"Alexander D'yakonov (MSU, Moscow, Russia)",10/29/2012 2:34:30 PM,1.16747
26791,"Alexander D'yakonov (MSU, Moscow, Russia)",10/29/2012 2:36:51 PM,1.15023
25900,"DarknessAwaits",10/29/2012 3:07:47 PM,1.21279
26336,"harrak",10/29/2012 5:00:46 PM,2.00986
26957,"Ivan Guz",10/29/2012 5:54:12 PM,1.39149
26906,"dkpush",10/30/2012 6:36:27 AM,1.56335
26138,"Chris H.",10/30/2012 6:44:07 AM,1.01396
27007,"IST - AML - CatlindaFTW",10/30/2012 9:53:56 AM,1.01880
26791,"Alexander D'yakonov (MSU, Moscow, Russia)",10/30/2012 10:27:09 AM,1.01872
27024,"REX",10/30/2012 2:23:20 PM,1.81030
27025,"Steven S.L Xie",10/30/2012 2:36:36 PM,2.50433
27026,"Jotalin",10/30/2012 2:42:11 PM,1.01880
27028,"Ao infinito...e além!",10/30/2012 3:26:41 PM,1.01880
27012,"IST - AML - MRS",10/30/2012 4:49:45 PM,1.01880
27051,"Seldon",10/30/2012 7:42:27 PM,1.69972
26123,"AMPires",10/30/2012 11:35:05 PM,1.07176
27051,"Seldon",10/31/2012 1:44:02 AM,1.61537
26753,"Damien",10/31/2012 2:14:15 AM,1.42058
26211,"happenss",10/31/2012 4:55:49 AM,1.26889
26924,"92624",10/31/2012 10:19:24 AM,0.98886
27131,"Paul Rigby",10/31/2012 1:09:50 PM,1.07036
26957,"Ivan Guz",10/31/2012 1:29:12 PM,1.13042
27028,"Ao infinito...e além!",10/31/2012 2:17:50 PM,1.01872
26165,"Victor",10/31/2012 5:37:41 PM,0.96800
27150,"Sunil",10/31/2012 7:36:35 PM,1.73164
26694,"mewertowska",10/31/2012 8:48:17 PM,2.21928
26753,"Damien",10/31/2012 10:35:07 PM,1.38965
27051,"Seldon",10/31/2012 11:36:23 PM,1.54655
25773,"johnsonav",11/1/2012 12:02:14 AM,0.98833
26753,"Damien",11/1/2012 12:47:44 AM,1.37961
27024,"REX",11/1/2012 1:42:45 AM,1.25607
26826,"NukaCola",11/1/2012 2:56:02 AM,1.20459
27193,"DuckTile",11/1/2012 3:43:21 AM,1.02942
26123,"AMPires",11/1/2012 4:52:04 AM,1.00977
26173,"drago",11/1/2012 9:23:56 AM,1.15022
25760,"kawi",11/1/2012 10:52:04 AM,1.01878
25760,"kawi",11/1/2012 11:01:42 AM,1.01868
27203,"Gaurav107",11/1/2012 11:22:19 AM,2.20718
27203,"Gaurav107",11/1/2012 11:46:02 AM,1.01880
26181,"I can pee further.",11/1/2012 2:39:20 PM,1.14442
27025,"Steven S.L Xie",11/1/2012 2:42:07 PM,2.13776
26181,"I can pee further.",11/1/2012 3:39:14 PM,1.13072
26957,"Ivan Guz",11/1/2012 6:25:08 PM,1.09396
25548,"PlanetThanet",11/1/2012 9:19:11 PM,0.86772
27243,"erdman",11/1/2012 11:59:03 PM,1.76738
25773,"johnsonav",11/2/2012 2:57:44 AM,0.97602
25760,"kawi",11/2/2012 6:44:58 AM,1.01832
25548,"PlanetThanet",11/2/2012 7:49:19 AM,0.86190
26924,"92624",11/2/2012 9:45:30 AM,0.98036
26957,"Ivan Guz",11/2/2012 4:26:39 PM,1.05639
27287,"Chaotic Experiments",11/2/2012 6:29:49 PM,1.04877
27287,"Chaotic Experiments",11/2/2012 6:30:58 PM,1.01880
27299,"86029",11/2/2012 9:34:28 PM,1.33610
27324,"Christopher Charles",11/3/2012 12:29:12 AM,1.04973
26957,"Ivan Guz",11/3/2012 6:57:39 AM,1.01594
26934,"portal",11/3/2012 1:09:30 PM,1.04363
26181,"I can pee further.",11/3/2012 2:09:51 PM,1.11693
27351,"inversion",11/3/2012 3:02:02 PM,1.40565
25773,"johnsonav",11/3/2012 3:38:16 PM,0.94327
25760,"kawi",11/3/2012 4:28:39 PM,1.01820
25548,"PlanetThanet",11/3/2012 5:06:18 PM,0.85828
26123,"AMPires",11/3/2012 5:46:25 PM,0.97935
27376,"LadyData",11/3/2012 9:16:03 PM,3.72089
27376,"LadyData",11/3/2012 9:18:53 PM,3.47043
25760,"kawi",11/3/2012 10:12:04 PM,1.01812
27350,"Keene Data Owls",11/3/2012 11:30:25 PM,1.14131
27386,"Mister Band",11/4/2012 12:11:56 AM,2.00128
27351,"inversion",11/4/2012 12:58:15 AM,1.38262
27350,"Keene Data Owls",11/4/2012 1:44:57 AM,0.99344
27396,"mlandry",11/4/2012 4:37:15 AM,1.01720
25548,"PlanetThanet",11/4/2012 8:59:55 AM,0.84614
25548,"PlanetThanet",11/4/2012 9:46:34 AM,0.84188
27113,"kymhorsell",11/4/2012 10:42:17 AM,1.94104
27193,"DuckTile",11/4/2012 3:57:57 PM,1.01878
27437,"ChiffChaff",11/4/2012 6:40:57 PM,2.56313
27376,"LadyData",11/4/2012 7:52:33 PM,2.15134
27376,"LadyData",11/4/2012 7:54:43 PM,1.98828
27446,"Ryan Feather",11/4/2012 8:24:51 PM,1.55327
25760,"kawi",11/4/2012 9:53:19 PM,1.01798
25760,"kawi",11/4/2012 9:57:50 PM,1.01777
26181,"I can pee further.",11/4/2012 10:08:39 PM,1.06252
27351,"inversion",11/4/2012 10:09:05 PM,1.20786
27454,"Oloko",11/4/2012 11:38:06 PM,1.01880
27458,"10331",11/5/2012 12:48:45 AM,1.01880
27458,"10331",11/5/2012 12:59:41 AM,1.00855
26753,"Damien",11/5/2012 1:37:55 AM,1.14442
27462,"Argo",11/5/2012 2:32:25 AM,2.00172
25949,"ThePawn",11/5/2012 2:56:28 AM,1.01877
27462,"Argo",11/5/2012 3:09:54 AM,1.33484
25760,"kawi",11/5/2012 6:33:43 AM,1.01748
27265,"91959",11/5/2012 6:52:26 AM,2.30170
27490,"Alexander  Larko",11/5/2012 8:38:44 AM,1.06764
27490,"Alexander  Larko",11/5/2012 8:50:48 AM,1.01798
26181,"I can pee further.",11/5/2012 9:12:48 AM,1.03569
26181,"I can pee further.",11/5/2012 10:53:15 AM,1.02151
25687,"Yang",11/5/2012 11:09:51 AM,1.29315
25687,"Yang",11/5/2012 12:29:29 PM,1.13366
27437,"ChiffChaff",11/5/2012 3:59:05 PM,2.51247
27521,"Halla",11/5/2012 6:44:43 PM,1.34410
27521,"Halla",11/5/2012 6:45:48 PM,1.01878
27350,"Keene Data Owls",11/5/2012 7:53:00 PM,0.99344
26686,"Dmitry Efimov",11/5/2012 8:04:27 PM,1.04756
27113,"kymhorsell",11/6/2012 12:04:28 AM,1.93225
27437,"ChiffChaff",11/6/2012 12:11:39 AM,1.95635
27454,"Oloko",11/6/2012 12:21:30 AM,1.00681
27113,"kymhorsell",11/6/2012 1:15:56 AM,1.68041
27548,"Core Collapse",11/6/2012 1:48:35 AM,1.15379
27548,"Core Collapse",11/6/2012 2:23:35 AM,1.13987
27567,"Ben Powers",11/6/2012 4:16:10 AM,1.76738
27490,"Alexander  Larko",11/6/2012 5:39:56 AM,1.01567
27490,"Alexander  Larko",11/6/2012 6:06:19 AM,1.00693
26406,"mohammad mosavi",11/6/2012 7:16:21 AM,1.95593
27586,"Ravi Teja",11/6/2012 8:25:00 AM,2.20718
27586,"Ravi Teja",11/6/2012 8:27:06 AM,1.01880
27243,"erdman",11/6/2012 9:02:43 AM,1.35000
27243,"erdman",11/6/2012 9:16:10 AM,1.03810
25687,"Yang",11/6/2012 9:57:29 AM,1.07332
26924,"92624",11/6/2012 11:09:43 AM,0.96752
27028,"Ao infinito...e além!",11/6/2012 12:37:20 PM,0.99417
26251,"IST-AML-Pékemens",11/6/2012 12:53:08 PM,1.01872
25687,"Yang",11/6/2012 3:13:20 PM,1.02462
27193,"DuckTile",11/6/2012 3:21:55 PM,1.01775
26251,"IST-AML-Pékemens",11/6/2012 3:42:02 PM,1.01773
27462,"Argo",11/6/2012 6:24:22 PM,0.94344
27618,"Ricola",11/6/2012 7:50:35 PM,1.47761
25760,"kawi",11/6/2012 8:21:55 PM,1.01715
25760,"kawi",11/6/2012 8:25:35 PM,1.01695
27113,"kymhorsell",11/7/2012 12:03:31 AM,1.66022
25725,"Olexandr Topchylo",11/7/2012 12:42:23 AM,0.96618
25725,"Olexandr Topchylo",11/7/2012 12:51:52 AM,0.96175
27193,"DuckTile",11/7/2012 3:28:20 AM,1.01622
27647,"Badgers",11/7/2012 3:28:42 AM,2.20718
27647,"Badgers",11/7/2012 3:29:21 AM,1.01880
27113,"kymhorsell",11/7/2012 3:41:41 AM,1.57367
27651,"Hester",11/7/2012 4:36:29 AM,1.94802
27651,"Hester",11/7/2012 4:43:18 AM,1.01880
26406,"mohammad mosavi",11/7/2012 7:46:13 AM,1.77810
26212,"73043",11/7/2012 7:49:24 AM,1.16983
27661,"out001a",11/7/2012 9:39:29 AM,1.42249
25760,"kawi",11/7/2012 1:30:30 PM,1.01672
27667,"Quadrivio",11/7/2012 2:07:06 PM,1.26434
27669,"test",11/7/2012 3:02:59 PM,2.20718
27669,"test",11/7/2012 3:05:57 PM,1.01880
27667,"Quadrivio",11/7/2012 6:25:09 PM,1.23835
27618,"Ricola",11/7/2012 9:09:38 PM,1.31458
25548,"PlanetThanet",11/7/2012 10:19:49 PM,0.84124
25548,"PlanetThanet",11/7/2012 10:24:34 PM,0.83896
27351,"inversion",11/7/2012 11:40:25 PM,1.19101
26551,"garlic",11/8/2012 12:00:32 AM,1.08381
27490,"Alexander  Larko",11/8/2012 1:29:09 AM,0.99099
27454,"Oloko",11/8/2012 1:46:08 AM,1.00062
27193,"DuckTile",11/8/2012 2:55:53 AM,1.01581
25773,"johnsonav",11/8/2012 3:40:36 AM,0.88458
26551,"garlic",11/8/2012 5:08:55 AM,1.06480
27667,"Quadrivio",11/8/2012 5:32:56 AM,1.16034
27661,"out001a",11/8/2012 6:51:44 AM,1.31536
27745,"Marcus van Ierssel",11/8/2012 6:59:02 AM,1.37324
25548,"PlanetThanet",11/8/2012 7:16:58 AM,0.83814
25725,"Olexandr Topchylo",11/8/2012 7:35:42 AM,0.94402
26227,"Racheoff",11/8/2012 2:58:10 PM,1.63265
26227,"Racheoff",11/8/2012 3:04:18 PM,1.47505
27771,"Adjusted R Squared",11/8/2012 4:02:53 PM,2.14950
27771,"Adjusted R Squared",11/8/2012 4:04:40 PM,1.21217
25548,"PlanetThanet",11/8/2012 8:09:01 PM,0.83752
26108,"baldmountain",11/8/2012 8:32:53 PM,1.38519
26138,"Chris H.",11/8/2012 9:15:14 PM,0.96233
26686,"Dmitry Efimov",11/8/2012 9:43:46 PM,0.94753
27113,"kymhorsell",11/9/2012 12:33:03 AM,1.54272
25949,"ThePawn",11/9/2012 1:40:45 AM,0.96451
27490,"Alexander  Larko",11/9/2012 3:45:57 AM,0.98658
27827,"anhol",11/9/2012 5:57:45 AM,2.02557
27793,"drtb",11/9/2012 6:39:17 AM,1.38581
26551,"garlic",11/9/2012 8:57:06 AM,1.02578
25548,"PlanetThanet",11/9/2012 9:56:40 AM,0.83673
25687,"Yang",11/9/2012 2:48:37 PM,0.98141
26938,"NeoGr",11/9/2012 2:56:59 PM,1.40921
25760,"kawi",11/9/2012 3:41:47 PM,1.01649
25760,"kawi",11/9/2012 3:44:28 PM,1.01626
25548,"PlanetThanet",11/9/2012 4:43:59 PM,0.83672
27221,"38402",11/9/2012 4:54:43 PM,1.52244
26138,"Chris H.",11/9/2012 5:43:07 PM,0.95069
27221,"38402",11/9/2012 6:11:20 PM,1.34535
27862,"IST-AML-Cucos",11/9/2012 6:16:10 PM,1.01880
26957,"Ivan Guz",11/9/2012 6:50:52 PM,0.97201
26251,"IST-AML-Pékemens",11/9/2012 7:21:03 PM,1.01140
26251,"IST-AML-Pékemens",11/9/2012 7:24:21 PM,0.98287
27661,"out001a",11/9/2012 8:17:04 PM,1.24676
26985,"Vonuylenburgh",11/9/2012 10:13:25 PM,1.49146
26753,"Damien",11/10/2012 12:45:34 AM,1.07269
26251,"IST-AML-Pékemens",11/10/2012 1:08:43 AM,0.98254
26753,"Damien",11/10/2012 1:29:02 AM,1.02846
27888,"Anil Thomas",11/10/2012 2:10:22 AM,1.08381
27888,"Anil Thomas",11/10/2012 2:26:25 AM,1.05809
27827,"anhol",11/10/2012 3:53:49 AM,1.38468
27892,"kc",11/10/2012 5:33:28 AM,1.19815
25760,"kawi",11/10/2012 8:15:29 AM,1.01599
25760,"kawi",11/10/2012 8:17:24 AM,1.01486
25548,"PlanetThanet",11/10/2012 8:26:09 AM,0.83390
26551,"garlic",11/10/2012 10:45:36 AM,0.99365
27131,"Paul Rigby",11/10/2012 11:05:42 AM,1.04980
26551,"garlic",11/10/2012 2:58:34 PM,0.99051
27921,"jontix",11/10/2012 3:10:14 PM,1.25009
27618,"Ricola",11/10/2012 6:41:23 PM,1.23938
26686,"Dmitry Efimov",11/10/2012 6:47:09 PM,0.94486
27661,"out001a",11/10/2012 8:12:48 PM,1.20645
27376,"LadyData",11/10/2012 8:53:57 PM,1.97745
27943,"99688",11/10/2012 11:06:33 PM,0.99332
27938,"j_scheibel",11/10/2012 11:12:09 PM,2.32862
27943,"99688",11/10/2012 11:17:43 PM,0.99257
27028,"Ao infinito...e além!",11/10/2012 11:30:04 PM,0.98400
27938,"j_scheibel",11/11/2012 12:04:29 AM,1.59719
25725,"Olexandr Topchylo",11/11/2012 12:15:06 AM,0.93730
27458,"10331",11/11/2012 12:20:16 AM,1.00415
26551,"garlic",11/11/2012 1:36:44 AM,0.98619
27951,"Changrong Ko",11/11/2012 2:45:02 AM,1.58061
27490,"Alexander  Larko",11/11/2012 3:14:49 AM,0.98631
27951,"Changrong Ko",11/11/2012 4:27:33 AM,1.01880
26957,"Ivan Guz",11/11/2012 6:14:48 AM,0.88683
27967,"riyaaz",11/11/2012 7:37:30 AM,1.79126
27256,"PoolNightStudios",11/11/2012 7:52:08 AM,1.12518
25760,"kawi",11/11/2012 8:29:16 AM,1.01303
27967,"riyaaz",11/11/2012 8:35:29 AM,1.72490
26251,"IST-AML-Pékemens",11/11/2012 11:28:56 AM,0.98123
27892,"kc",11/11/2012 1:06:12 PM,1.09125
27978,"Gabe",11/11/2012 2:51:28 PM,1.01880
26791,"Alexander D'yakonov (MSU, Moscow, Russia)",11/11/2012 4:58:57 PM,1.01319
25960,"zahra1",11/11/2012 5:06:54 PM,1.01880
27991,"Luxtorpeda",11/11/2012 6:30:27 PM,1.07230
27396,"mlandry",11/11/2012 7:32:35 PM,0.95958
25548,"PlanetThanet",11/11/2012 8:06:43 PM,0.83368
26753,"Damien",11/11/2012 10:58:59 PM,1.02621
27967,"riyaaz",11/12/2012 12:30:03 AM,1.04767
26551,"garlic",11/12/2012 1:10:07 AM,0.98114
26551,"garlic",11/12/2012 1:11:40 AM,0.97706
27490,"Alexander  Larko",11/12/2012 2:05:44 AM,0.98427
27938,"j_scheibel",11/12/2012 3:08:18 AM,1.23299
25949,"ThePawn",11/12/2012 3:32:14 AM,0.88430
27538,"Team Rocket",11/12/2012 4:11:39 AM,2.20718
25949,"ThePawn",11/12/2012 6:22:55 AM,0.85897
25548,"PlanetThanet",11/12/2012 7:01:30 AM,0.83259
25568,"Arman Eb",11/12/2012 8:10:35 AM,1.01880
25590,"Yasser Tabandeh",11/12/2012 8:59:36 AM,0.95954
28070,"alireza tb",11/12/2012 1:02:55 PM,1.94802
28069,"Hillbert",11/12/2012 1:03:04 PM,1.67724
28070,"alireza tb",11/12/2012 1:38:22 PM,1.01880
27661,"out001a",11/12/2012 2:12:59 PM,1.16496
28078,"1234",11/12/2012 2:45:16 PM,1.09988
25889,"nooshin1",11/12/2012 4:00:30 PM,1.01880
28087,"Nejatpour",11/12/2012 5:03:04 PM,1.76985
26791,"Alexander D'yakonov (MSU, Moscow, Russia)",11/12/2012 6:08:22 PM,0.90163
27376,"LadyData",11/12/2012 6:27:49 PM,1.45755
28090,"Andrew Beam",11/12/2012 6:46:04 PM,1.54909
28090,"Andrew Beam",11/12/2012 6:55:04 PM,1.22055
26472,"mortezamsp",11/12/2012 8:34:59 PM,1.52582
28096,"ChiToz",11/12/2012 9:00:05 PM,1.01880
26083,"154089",11/12/2012 9:40:32 PM,1.93616
26083,"154089",11/12/2012 9:53:59 PM,1.58061
27565,"Plus Epsilon",11/12/2012 10:03:17 PM,2.25222
28106,"Mickael Leclercq",11/13/2012 1:01:51 AM,1.49732
27028,"Ao infinito...e além!",11/13/2012 1:14:27 AM,0.97642
27490,"Alexander  Larko",11/13/2012 2:26:03 AM,0.98421
28113,"Surena-Shiraz University",11/13/2012 3:06:30 AM,1.58061
28116,"borono",11/13/2012 3:14:33 AM,1.58061
27888,"Anil Thomas",11/13/2012 3:42:10 AM,1.05705
27888,"Anil Thomas",11/13/2012 3:49:06 AM,1.01870
27967,"riyaaz",11/13/2012 4:00:21 AM,1.01880
27618,"Ricola",11/13/2012 7:52:46 AM,1.15874
28141,"IST-AML-Threat^3",11/13/2012 10:38:23 AM,1.01880
26251,"IST-AML-Pékemens",11/13/2012 2:50:46 PM,0.97967
28158,"BigPlanet",11/13/2012 3:18:29 PM,1.77699
27661,"out001a",11/13/2012 4:20:46 PM,1.01880
28044,"Sina davanian",11/13/2012 5:08:10 PM,1.76985
26389,"David Nero",11/13/2012 5:16:43 PM,1.23771
28044,"Sina davanian",11/13/2012 5:22:25 PM,1.71367
27376,"LadyData",11/13/2012 9:41:27 PM,1.37687
25548,"PlanetThanet",11/13/2012 10:02:43 PM,0.82045
25548,"PlanetThanet",11/13/2012 10:07:29 PM,0.81483
27667,"Quadrivio",11/13/2012 10:24:52 PM,1.14864
26613,"IST-AML-CLB",11/13/2012 11:26:30 PM,1.01880
26123,"AMPires",11/13/2012 11:47:43 PM,0.97928
26138,"Chris H.",11/13/2012 11:53:05 PM,0.94951
27667,"Quadrivio",11/13/2012 11:54:13 PM,1.01149
28186,"Carter S.",11/14/2012 2:20:34 AM,0.97531
27287,"Chaotic Experiments",11/14/2012 2:36:48 AM,1.01872
27287,"Chaotic Experiments",11/14/2012 2:42:50 AM,0.96970
28106,"Mickael Leclercq",11/14/2012 3:22:57 AM,1.33286
28198,"74596",11/14/2012 6:16:05 AM,2.37364
28198,"74596",11/14/2012 6:45:24 AM,1.88191
28042,"Alireza Hosseini",11/14/2012 7:03:50 AM,1.01880
28201,"15205",11/14/2012 7:09:21 AM,1.26672
27618,"Ricola",11/14/2012 8:43:41 AM,1.01886
26435,"IST_AML_Passos",11/14/2012 12:59:28 PM,1.01872
25568,"Arman Eb",11/14/2012 2:00:21 PM,1.01775
27771,"Adjusted R Squared",11/14/2012 3:08:45 PM,1.01814
28217,"josdorpjossie",11/14/2012 3:34:18 PM,2.46589
28217,"josdorpjossie",11/14/2012 4:44:04 PM,1.37870
25897,"StarAlliance",11/14/2012 7:23:18 PM,1.01880
25548,"PlanetThanet",11/14/2012 7:50:21 PM,0.81213
26753,"Damien",11/14/2012 8:05:40 PM,1.01967
26753,"Damien",11/14/2012 8:46:44 PM,0.97632
25548,"PlanetThanet",11/14/2012 10:30:22 PM,0.80914
28233,"naiman",11/14/2012 10:32:25 PM,1.39298
27587,"Hertzsprung & Russell ",11/14/2012 11:41:08 PM,1.94802
26435,"IST_AML_Passos",11/15/2012 12:19:22 AM,1.01552
26472,"mortezamsp",11/15/2012 12:41:27 AM,1.48788
28198,"74596",11/15/2012 3:23:20 AM,1.51485
26551,"garlic",11/15/2012 4:49:36 AM,0.95845
28256,"Dennis wu",11/15/2012 6:56:52 AM,1.01880
26138,"Chris H.",11/15/2012 7:45:30 AM,0.93800
26181,"I can pee further.",11/15/2012 12:45:23 PM,0.98822
28148,"anonymous",11/15/2012 1:17:11 PM,1.58061
26435,"IST_AML_Passos",11/15/2012 2:18:32 PM,1.01526
28217,"josdorpjossie",11/15/2012 4:22:55 PM,1.36897
27565,"Plus Epsilon",11/15/2012 4:31:00 PM,2.02918
27972,"Halo-Finders",11/15/2012 4:51:59 PM,1.76738
27972,"Halo-Finders",11/15/2012 4:54:44 PM,1.01880
28287,"Abdullah",11/15/2012 6:37:25 PM,1.55786
28292,"Jeddy",11/15/2012 7:53:57 PM,1.72362
25760,"kawi",11/15/2012 8:19:44 PM,1.01127
25760,"kawi",11/15/2012 8:22:25 PM,1.00796
25548,"PlanetThanet",11/15/2012 8:42:27 PM,0.78843
28302,"arman khan",11/15/2012 9:12:19 PM,1.04892
25725,"Olexandr Topchylo",11/15/2012 10:14:53 PM,0.93579
28306,"This is our team",11/15/2012 10:55:46 PM,1.43951
27667,"Quadrivio",11/16/2012 12:15:15 AM,0.97043
26753,"Damien",11/16/2012 2:41:26 AM,0.94054
25515,"Team Paheli",11/16/2012 5:12:15 AM,1.00337
27565,"Plus Epsilon",11/16/2012 5:34:39 AM,1.87386
25949,"ThePawn",11/16/2012 6:23:57 AM,0.84125
25568,"Arman Eb",11/16/2012 7:16:08 AM,1.01769
25760,"kawi",11/16/2012 10:03:13 AM,1.00641
26957,"Ivan Guz",11/16/2012 10:05:38 AM,0.81042
28217,"josdorpjossie",11/16/2012 11:28:00 AM,1.26685
27376,"LadyData",11/16/2012 11:37:38 AM,1.22707
27376,"LadyData",11/16/2012 11:45:15 AM,1.05835
27007,"IST - AML - CatlindaFTW",11/16/2012 12:15:18 PM,1.01872
25568,"Arman Eb",11/16/2012 1:02:58 PM,1.01540
26435,"IST_AML_Passos",11/16/2012 6:08:03 PM,1.01304
26435,"IST_AML_Passos",11/16/2012 6:10:14 PM,1.00492
26108,"baldmountain",11/16/2012 8:06:48 PM,1.35503
28287,"Abdullah",11/17/2012 2:33:05 AM,1.53604
28287,"Abdullah",11/17/2012 2:38:10 AM,1.43152
27747,"INFORMATIKER_aus_dem_IRAN",11/17/2012 6:40:36 AM,1.01880
27618,"Ricola",11/17/2012 7:28:31 AM,0.99950
27243,"erdman",11/17/2012 8:30:18 AM,0.99047
25760,"kawi",11/17/2012 9:15:34 AM,1.00495
25548,"PlanetThanet",11/17/2012 1:12:32 PM,0.78046
28393,"shirin",11/17/2012 1:54:52 PM,1.58061
27287,"Chaotic Experiments",11/17/2012 6:12:53 PM,0.96041
28402,"EsfahanPoor",11/17/2012 7:04:30 PM,1.94802
28404,"rombot",11/17/2012 7:29:31 PM,2.31884
28406,"Tim Salimans",11/17/2012 8:05:50 PM,2.08856
28408,"marayam",11/17/2012 8:23:22 PM,2.20718
26435,"IST_AML_Passos",11/17/2012 8:54:31 PM,1.00102
28406,"Tim Salimans",11/17/2012 9:04:13 PM,1.11122
27458,"10331",11/17/2012 10:12:46 PM,0.97541
28413,"Soren",11/17/2012 11:20:31 PM,1.84134
27458,"10331",11/18/2012 12:13:02 AM,0.97140
27458,"10331",11/18/2012 12:15:54 AM,0.95219
26138,"Chris H.",11/18/2012 1:35:34 AM,0.93326
27745,"Marcus van Ierssel",11/18/2012 6:02:27 AM,1.19072
28408,"marayam",11/18/2012 7:23:39 AM,1.94802
25548,"PlanetThanet",11/18/2012 8:38:06 AM,0.76759
25548,"PlanetThanet",11/18/2012 9:33:58 AM,0.76609
27565,"Plus Epsilon",11/18/2012 1:00:00 PM,1.78247
28404,"rombot",11/18/2012 2:31:36 PM,1.62806
28453,"Jacopo",11/18/2012 6:05:02 PM,1.01880
26686,"Dmitry Efimov",11/18/2012 7:52:52 PM,0.93871
28217,"josdorpjossie",11/18/2012 9:26:24 PM,1.19558
25725,"Olexandr Topchylo",11/18/2012 10:44:43 PM,0.93578
27538,"Team Rocket",11/18/2012 11:36:51 PM,1.90342
25548,"PlanetThanet",11/19/2012 7:32:21 AM,0.75503
28488,"71710",11/19/2012 7:52:58 AM,1.30561
28501,"Vasek",11/19/2012 10:52:45 AM,1.36924
28507,"sara1",11/19/2012 1:03:21 PM,2.16518
25760,"kawi",11/19/2012 1:43:42 PM,1.00357
28514,"kagglenoo",11/19/2012 3:26:14 PM,2.16948
26138,"Chris H.",11/19/2012 4:20:35 PM,0.93134
28044,"Sina davanian",11/19/2012 5:05:53 PM,1.01880
26435,"IST_AML_Passos",11/19/2012 7:38:09 PM,0.99710
25583,"Supernova",11/19/2012 7:59:58 PM,0.92970
27745,"Marcus van Ierssel",11/19/2012 9:00:27 PM,1.04787
25725,"Olexandr Topchylo",11/19/2012 9:24:37 PM,0.93485
28529,"loatemp",11/19/2012 9:28:40 PM,1.01880
27920,"96059",11/19/2012 9:39:23 PM,1.58061
27458,"10331",11/20/2012 12:19:49 AM,0.94503
27565,"Plus Epsilon",11/20/2012 2:49:26 AM,1.72393
27565,"Plus Epsilon",11/20/2012 5:25:11 AM,1.66497
28569,"Anbhv",11/20/2012 6:01:42 AM,1.43746
28572,"darkydark",11/20/2012 6:08:05 AM,1.21944
28572,"darkydark",11/20/2012 6:10:37 AM,1.01880
28574,"86200",11/20/2012 6:19:33 AM,1.92597
25548,"PlanetThanet",11/20/2012 7:26:20 AM,0.75417
26925,"Pityke",11/20/2012 2:54:59 PM,1.28131
25760,"kawi",11/20/2012 4:29:12 PM,1.00291
28596,"qui032003",11/20/2012 5:27:43 PM,1.10308
25760,"kawi",11/20/2012 5:54:28 PM,1.00265
25548,"PlanetThanet",11/20/2012 9:16:17 PM,0.74639
28609,"smith_IT",11/20/2012 9:34:59 PM,1.58061
25568,"Arman Eb",11/20/2012 9:43:43 PM,1.01224
25568,"Arman Eb",11/20/2012 9:52:58 PM,1.01039
28574,"86200",11/20/2012 10:21:14 PM,1.71142
25725,"Olexandr Topchylo",11/20/2012 11:55:46 PM,0.93289
25773,"johnsonav",11/21/2012 12:05:59 AM,0.87560
28617,"John Wentworth",11/21/2012 2:45:47 AM,2.44582
27024,"REX",11/21/2012 3:30:08 AM,1.18996
27024,"REX",11/21/2012 8:04:06 AM,1.13003
26435,"IST_AML_Passos",11/21/2012 9:27:37 AM,0.98406
26435,"IST_AML_Passos",11/21/2012 9:30:47 AM,0.98332
28640,"razgon",11/21/2012 10:03:55 AM,1.59030
28645,"94889",11/21/2012 12:36:10 PM,1.02436
28640,"razgon",11/21/2012 12:47:04 PM,1.52030
28645,"94889",11/21/2012 1:00:20 PM,0.99352
28402,"EsfahanPoor",11/21/2012 2:36:46 PM,1.01880
27618,"Ricola",11/21/2012 3:41:07 PM,0.95890
26173,"drago",11/21/2012 4:29:44 PM,0.98704
28659,"najm",11/21/2012 4:43:07 PM,1.07244
28090,"Andrew Beam",11/21/2012 4:48:02 PM,1.08679
28659,"najm",11/21/2012 5:01:27 PM,0.99020
28668,"vsu",11/21/2012 6:34:22 PM,1.15016
28668,"vsu",11/21/2012 6:36:47 PM,0.98348
28674,"Ulli",11/21/2012 8:31:00 PM,1.77360
27105,"domoldo",11/21/2012 9:53:09 PM,2.71864
28671,"ThierryS",11/21/2012 10:23:02 PM,2.14742
25583,"Supernova",11/21/2012 11:03:49 PM,0.92954
28574,"86200",11/22/2012 12:56:24 AM,1.01838
28704,"Yangyang Zhao",11/22/2012 3:04:18 AM,2.20718
28668,"vsu",11/22/2012 5:01:40 AM,0.92448
28645,"94889",11/22/2012 7:04:54 AM,0.99020
25568,"Arman Eb",11/22/2012 7:11:51 AM,0.98945
28645,"94889",11/22/2012 1:21:02 PM,0.98065
28738,"18568",11/22/2012 1:56:38 PM,2.15553
28738,"18568",11/22/2012 2:17:02 PM,2.09308
28674,"Ulli",11/22/2012 4:00:43 PM,1.71401
28751,"Teglath",11/22/2012 5:15:07 PM,1.44384
28761,"shallybu",11/22/2012 7:58:11 PM,1.20454
26686,"Dmitry Efimov",11/22/2012 9:37:03 PM,0.93281
25725,"Olexandr Topchylo",11/22/2012 11:20:22 PM,0.93087
25725,"Olexandr Topchylo",11/22/2012 11:28:29 PM,0.93038
28769,"20278",11/22/2012 11:41:12 PM,1.98470
27458,"10331",11/23/2012 12:06:02 AM,0.94503
25602,"Corey Chivers",11/23/2012 3:27:38 AM,1.23407
28659,"najm",11/23/2012 7:01:46 AM,0.98960
28659,"najm",11/23/2012 7:06:06 AM,0.98284
25568,"Arman Eb",11/23/2012 7:20:46 AM,0.98065
28382,"YW",11/23/2012 7:21:05 AM,1.37683
28789,"edward_ar",11/23/2012 11:11:48 AM,1.00392
28640,"razgon",11/23/2012 2:28:26 PM,1.50040
28804,"Tomas Antunes",11/23/2012 4:02:44 PM,1.01712
28811,"37060",11/23/2012 6:36:01 PM,2.50738
28813,"95107",11/23/2012 7:09:42 PM,1.05138
27028,"Ao infinito...e além!",11/23/2012 7:29:50 PM,0.97551
28813,"95107",11/23/2012 7:47:53 PM,1.04365
27827,"anhol",11/23/2012 10:16:11 PM,1.35602
27938,"j_scheibel",11/24/2012 3:03:14 AM,1.22805
28402,"EsfahanPoor",11/24/2012 6:25:57 AM,1.00274
28813,"95107",11/24/2012 7:19:32 AM,1.01118
28811,"37060",11/24/2012 11:13:27 AM,2.48241
25568,"Arman Eb",11/24/2012 11:37:05 AM,0.98021
28878,"lomero",11/24/2012 12:50:42 PM,1.73624
26435,"IST_AML_Passos",11/24/2012 1:28:13 PM,0.97900
28671,"ThierryS",11/24/2012 1:30:30 PM,1.58282
28811,"37060",11/24/2012 2:24:55 PM,2.23710
28671,"ThierryS",11/24/2012 2:48:44 PM,1.01901
28640,"razgon",11/24/2012 5:22:18 PM,1.40771
26791,"Alexander D'yakonov (MSU, Moscow, Russia)",11/24/2012 6:57:33 PM,0.89235
26791,"Alexander D'yakonov (MSU, Moscow, Russia)",11/24/2012 6:58:58 PM,0.86551
28393,"shirin",11/24/2012 7:16:45 PM,1.05350
27256,"PoolNightStudios",11/24/2012 7:51:27 PM,1.11732
28393,"shirin",11/24/2012 7:54:28 PM,1.01880
27938,"j_scheibel",11/25/2012 12:16:46 AM,1.21043
27256,"PoolNightStudios",11/25/2012 12:37:20 AM,1.10795
25583,"Supernova",11/25/2012 3:56:03 AM,0.92797
27938,"j_scheibel",11/25/2012 7:32:53 AM,1.17662
28789,"edward_ar",11/25/2012 8:25:47 AM,0.98499
28919,"Elliot",11/25/2012 2:17:03 PM,1.07691
26180,"paper plates",11/25/2012 5:25:35 PM,1.00787
27667,"Quadrivio",11/25/2012 5:28:10 PM,0.90804
28668,"vsu",11/25/2012 6:23:20 PM,0.91475
25590,"Yasser Tabandeh",11/25/2012 7:00:31 PM,0.90402
25583,"Supernova",11/25/2012 7:38:45 PM,0.86903
28804,"Tomas Antunes",11/25/2012 9:45:13 PM,0.99833
26435,"IST_AML_Passos",11/25/2012 9:54:33 PM,0.97522
28943,"TeleTitanium",11/26/2012 12:29:20 AM,1.12232
27350,"Keene Data Owls",11/26/2012 12:34:51 AM,0.94975
28969,"GabiTeodoru",11/26/2012 1:01:42 AM,1.63035
28668,"vsu",11/26/2012 4:42:10 AM,0.89113
28943,"TeleTitanium",11/26/2012 8:18:12 AM,1.04504
28148,"anonymous",11/26/2012 9:40:13 AM,1.53859
28769,"20278",11/26/2012 1:41:11 PM,1.52216
25583,"Supernova",11/26/2012 5:14:44 PM,0.81403
28986,"FilouWS",11/26/2012 5:34:12 PM,1.06122
29008,"James Kirkpatrick",11/26/2012 7:27:55 PM,1.04862
25515,"Team Paheli",11/26/2012 11:12:14 PM,0.93917
27667,"Quadrivio",11/27/2012 12:02:41 AM,0.88590
27565,"Plus Epsilon",11/27/2012 6:03:36 AM,1.60539
29078,"Paari Kandappan",11/27/2012 8:19:47 AM,1.01880
28659,"najm",11/27/2012 9:28:50 AM,0.98268
29091,"lvgm",11/27/2012 11:52:31 AM,1.02093
26435,"IST_AML_Passos",11/27/2012 1:44:47 PM,0.97514
25515,"Team Paheli",11/27/2012 2:34:15 PM,0.91896
28116,"borono",11/27/2012 3:02:20 PM,1.01880
28113,"Surena-Shiraz University",11/27/2012 8:05:34 PM,1.01880
28413,"Soren",11/27/2012 8:16:29 PM,1.01880
26686,"Dmitry Efimov",11/27/2012 9:36:45 PM,0.90747
26686,"Dmitry Efimov",11/27/2012 9:39:02 PM,0.90379
25583,"Supernova",11/28/2012 3:00:44 AM,0.81331
26389,"David Nero",11/28/2012 6:22:58 AM,1.11446
28789,"edward_ar",11/28/2012 7:17:18 AM,0.98398
28659,"najm",11/28/2012 7:26:02 AM,0.96621
25568,"Arman Eb",11/28/2012 7:33:50 AM,0.96621
28408,"marayam",11/28/2012 10:17:32 AM,1.01880
27490,"Alexander  Larko",11/28/2012 12:32:47 PM,0.97880
29194,"41637",11/28/2012 12:34:51 PM,2.20718
28078,"1234",11/28/2012 1:39:57 PM,1.08052
28078,"1234",11/28/2012 1:45:10 PM,1.02253
27454,"Oloko",11/28/2012 4:06:49 PM,0.97642
27548,"Core Collapse",11/28/2012 5:11:04 PM,1.09443
26438,"IST-AML-POWERPUFFGIRLS",11/28/2012 5:43:35 PM,1.01872
26438,"IST-AML-POWERPUFFGIRLS",11/28/2012 6:29:23 PM,1.01789
28406,"Tim Salimans",11/28/2012 7:17:23 PM,1.10278
28813,"95107",11/28/2012 8:10:18 PM,1.00651
29223,"TheGreenCow",11/28/2012 8:27:43 PM,1.54562
29225,"Gaffer",11/28/2012 8:42:19 PM,1.88445
29228,"BarrenWuffet",11/28/2012 9:23:53 PM,1.01880
26180,"paper plates",11/28/2012 10:31:28 PM,1.00517
27548,"Core Collapse",11/28/2012 11:39:30 PM,1.08676
25725,"Olexandr Topchylo",11/28/2012 11:43:25 PM,0.93018
29237,"pezlogd",11/28/2012 11:52:33 PM,2.00642
25773,"johnsonav",11/29/2012 1:20:14 AM,0.86239
27490,"Alexander  Larko",11/29/2012 1:36:22 AM,0.97012
29245,"14391",11/29/2012 4:26:24 AM,2.15553
25949,"ThePawn",11/29/2012 5:50:55 AM,0.81475
28406,"Tim Salimans",11/29/2012 11:14:31 AM,1.04873
26212,"73043",11/29/2012 4:14:52 PM,1.12359
28402,"EsfahanPoor",11/29/2012 9:37:26 PM,1.00110
25568,"Arman Eb",11/29/2012 9:46:10 PM,0.95768
28402,"EsfahanPoor",11/29/2012 9:55:19 PM,0.96765
26435,"IST_AML_Passos",11/29/2012 9:55:36 PM,0.97413
27745,"Marcus van Ierssel",11/29/2012 10:38:15 PM,0.99195
26013,"47559",11/29/2012 11:13:04 PM,1.63215
29293,"bogklug",11/29/2012 11:38:12 PM,1.02549
26013,"47559",11/29/2012 11:51:34 PM,1.33335
29294,"schnell",11/29/2012 11:51:56 PM,2.09498
28141,"IST-AML-Threat^3",11/29/2012 11:53:40 PM,1.01872
28141,"IST-AML-Threat^3",11/30/2012 12:00:14 AM,1.01864
27490,"Alexander  Larko",11/30/2012 2:24:00 AM,0.96805
29282,"skynet",11/30/2012 4:44:40 AM,1.57418
27490,"Alexander  Larko",11/30/2012 6:34:41 AM,0.96805
26212,"73043",11/30/2012 7:29:50 AM,1.11683
26551,"garlic",11/30/2012 8:28:21 AM,0.95777
28393,"shirin",11/30/2012 9:52:00 AM,0.96856
28078,"1234",11/30/2012 11:51:19 AM,1.01880
28501,"Vasek",11/30/2012 12:03:18 PM,1.19122
28406,"Tim Salimans",11/30/2012 1:11:41 PM,1.04692
29329,"alireza bordbar",11/30/2012 1:17:30 PM,1.01868
29329,"alireza bordbar",11/30/2012 1:34:50 PM,1.01849
28645,"94889",11/30/2012 1:44:19 PM,0.95927
28789,"edward_ar",11/30/2012 2:02:36 PM,0.97524
28070,"alireza tb",11/30/2012 2:15:52 PM,1.01839
27618,"Ricola",11/30/2012 2:32:34 PM,0.95409
29183,"Ebnes Ina",11/30/2012 2:37:49 PM,1.64722
28113,"Surena-Shiraz University",11/30/2012 2:43:36 PM,1.01879
28113,"Surena-Shiraz University",11/30/2012 2:52:58 PM,1.01879
29337,"leobordbar",11/30/2012 3:10:18 PM,1.01817
29337,"leobordbar",11/30/2012 3:34:31 PM,1.01803
28116,"borono",11/30/2012 3:41:30 PM,1.01869
26083,"154089",11/30/2012 4:09:05 PM,1.01866
26083,"154089",11/30/2012 4:25:16 PM,1.01820
28042,"Alireza Hosseini",11/30/2012 5:21:53 PM,1.01877
25918,"The Sombrero Galaxy",11/30/2012 10:01:26 PM,1.59479
27565,"Plus Epsilon",12/1/2012 12:46:49 AM,1.15258
28402,"EsfahanPoor",12/1/2012 9:35:47 AM,0.96010
25568,"Arman Eb",12/1/2012 10:25:51 AM,0.95737
28393,"shirin",12/1/2012 10:29:47 AM,0.96010
28070,"alireza tb",12/1/2012 10:38:30 AM,1.01822
28070,"alireza tb",12/1/2012 10:44:55 AM,1.01801
29329,"alireza bordbar",12/1/2012 11:00:21 AM,1.01805
28042,"Alireza Hosseini",12/1/2012 11:55:37 AM,1.01836
28799,"LDU",12/1/2012 1:20:17 PM,1.55626
29383,"Jimbo Jimbo",12/1/2012 2:38:03 PM,1.01844
29383,"Jimbo Jimbo",12/1/2012 2:42:12 PM,1.01837
29384,"Shirin Gorji",12/1/2012 2:49:06 PM,1.01813
29385,"imam123",12/1/2012 2:54:38 PM,1.33250
29385,"imam123",12/1/2012 3:00:37 PM,1.16848
29388,"Mehrzad Jafari",12/1/2012 3:04:09 PM,1.01831
29388,"Mehrzad Jafari",12/1/2012 3:12:02 PM,1.01806
26083,"154089",12/1/2012 3:25:10 PM,1.01807
28116,"borono",12/1/2012 3:36:47 PM,1.01803
28116,"borono",12/1/2012 3:43:04 PM,1.01802
29391,"woshialex",12/1/2012 3:52:28 PM,2.25061
28113,"Surena-Shiraz University",12/1/2012 3:54:17 PM,1.01851
29391,"woshialex",12/1/2012 3:55:10 PM,2.03653
28799,"LDU",12/1/2012 5:44:26 PM,1.33457
26664,"Random",12/1/2012 8:03:51 PM,1.27508
25568,"Arman Eb",12/1/2012 9:16:44 PM,0.95706
29410,"zqat",12/1/2012 9:30:15 PM,1.01880
28044,"Sina davanian",12/1/2012 9:35:57 PM,1.00561
29383,"Jimbo Jimbo",12/2/2012 12:48:15 AM,1.01793
29391,"woshialex",12/2/2012 12:55:43 AM,1.27382
29383,"Jimbo Jimbo",12/2/2012 12:58:36 AM,1.01784
29388,"Mehrzad Jafari",12/2/2012 1:15:15 AM,1.01771
29384,"Shirin Gorji",12/2/2012 1:34:21 AM,1.01764
29384,"Shirin Gorji",12/2/2012 1:43:18 AM,1.01762
29391,"woshialex",12/2/2012 1:44:38 AM,1.24247
26083,"154089",12/2/2012 3:02:13 AM,1.01742
28116,"borono",12/2/2012 3:08:40 AM,1.01742
28116,"borono",12/2/2012 3:17:48 AM,1.01734
28096,"ChiToz",12/2/2012 3:18:01 AM,1.01861
27131,"Paul Rigby",12/2/2012 5:00:37 AM,1.01880
29435,"Galileo",12/2/2012 7:19:07 AM,1.82203
29237,"pezlogd",12/2/2012 9:12:21 AM,1.54698
28113,"Surena-Shiraz University",12/2/2012 9:58:41 AM,1.01730
29385,"imam123",12/2/2012 12:07:35 PM,0.97876
25746,"luoq",12/2/2012 12:48:44 PM,1.16789
26957,"Ivan Guz",12/2/2012 1:13:25 PM,0.80957
29460,"Ahoo",12/2/2012 2:32:51 PM,1.07035
29460,"Ahoo",12/2/2012 2:40:51 PM,1.07020
28501,"Vasek",12/2/2012 2:44:28 PM,0.96268
29425,"sm",12/2/2012 4:11:21 PM,1.01752
29425,"sm",12/2/2012 4:16:01 PM,1.01717
29424,"Joseph ",12/2/2012 4:29:59 PM,1.11461
29424,"Joseph ",12/2/2012 4:38:09 PM,1.01735
29464,"ardeshir",12/2/2012 4:38:51 PM,1.06993
29183,"Ebnes Ina",12/2/2012 7:05:37 PM,1.17298
26248,"IST - AML - DJS",12/2/2012 7:07:54 PM,1.01880
28233,"naiman",12/2/2012 7:14:49 PM,1.37800
26664,"Random",12/2/2012 7:50:49 PM,1.22426
25548,"PlanetThanet",12/2/2012 8:38:22 PM,0.73725
25773,"johnsonav",12/2/2012 8:53:14 PM,0.84915
27991,"Luxtorpeda",12/2/2012 10:29:17 PM,1.01878
26887,"Meowmix",12/2/2012 11:52:42 PM,1.79909
28577,"98891",12/3/2012 12:25:27 AM,1.32348
26887,"Meowmix",12/3/2012 1:09:39 AM,1.69543
26887,"Meowmix",12/3/2012 4:16:58 AM,1.59862
26664,"Random",12/3/2012 5:19:59 AM,1.18772
27991,"Luxtorpeda",12/3/2012 6:42:09 AM,1.01872
27490,"Alexander  Larko",12/3/2012 7:01:53 AM,0.96020
28376,"Uniandinos",12/3/2012 7:07:25 AM,1.95016
28040,"E.Ashoor",12/3/2012 7:55:02 AM,1.69866
29515,"Minnow",12/3/2012 10:14:38 AM,1.63640
26180,"paper plates",12/3/2012 11:29:50 AM,0.96141
28087,"Nejatpour",12/3/2012 1:00:44 PM,1.74971
26472,"mortezamsp",12/3/2012 2:44:43 PM,1.45580
28402,"EsfahanPoor",12/3/2012 3:24:38 PM,0.95831
29282,"skynet",12/3/2012 3:26:43 PM,1.46477
29538,"zeynab",12/3/2012 4:26:31 PM,1.02457
28087,"Nejatpour",12/3/2012 4:38:02 PM,1.01880
29538,"zeynab",12/3/2012 6:57:35 PM,1.02208
27028,"Ao infinito...e além!",12/3/2012 7:05:27 PM,0.96939
27454,"Oloko",12/3/2012 7:09:44 PM,0.96543
27454,"Oloko",12/3/2012 7:13:06 PM,0.94365
28507,"sara1",12/3/2012 7:37:44 PM,1.01880
26686,"Dmitry Efimov",12/3/2012 7:41:17 PM,0.88533
28507,"sara1",12/3/2012 8:17:48 PM,0.95197
29556,"32964",12/3/2012 8:23:49 PM,1.10491
29558,"PaWiOx",12/3/2012 8:36:54 PM,0.89281
29282,"skynet",12/3/2012 9:06:51 PM,1.43333
27028,"Ao infinito...e além!",12/3/2012 9:28:26 PM,0.94739
26419,"IST - AML - BMW 2010",12/3/2012 9:51:08 PM,0.98828
29572,"78166",12/3/2012 10:24:32 PM,1.66979
28113,"Surena-Shiraz University",12/3/2012 11:12:07 PM,1.01719
28113,"Surena-Shiraz University",12/3/2012 11:17:22 PM,1.01611
29586,"89705",12/3/2012 11:20:22 PM,1.87925
26083,"154089",12/3/2012 11:23:18 PM,1.01379
29388,"Mehrzad Jafari",12/3/2012 11:33:07 PM,1.01414
29586,"89705",12/3/2012 11:33:32 PM,1.19821
28116,"borono",12/3/2012 11:39:12 PM,1.01376
29424,"Joseph ",12/3/2012 11:45:43 PM,1.01382
29425,"sm",12/3/2012 11:51:42 PM,1.01383
29383,"Jimbo Jimbo",12/3/2012 11:59:02 PM,1.01357
29383,"Jimbo Jimbo",12/4/2012 12:02:36 AM,1.01349
29384,"Shirin Gorji",12/4/2012 12:14:33 AM,1.01387
29384,"Shirin Gorji",12/4/2012 12:17:35 AM,1.01368
29425,"sm",12/4/2012 12:23:52 AM,1.01328
27490,"Alexander  Larko",12/4/2012 1:31:55 AM,0.96011
25583,"Supernova",12/4/2012 4:21:30 AM,0.80689
28402,"EsfahanPoor",12/4/2012 7:52:59 AM,0.95675
29237,"pezlogd",12/4/2012 8:34:00 AM,1.18335
26180,"paper plates",12/4/2012 11:04:55 AM,0.95595
27012,"IST - AML - MRS",12/4/2012 12:08:04 PM,1.01872
26957,"Ivan Guz",12/4/2012 1:38:51 PM,0.80444
26472,"mortezamsp",12/4/2012 3:08:17 PM,1.23329
29622,"mortezamsp2",12/4/2012 4:07:23 PM,1.89979
29622,"mortezamsp2",12/4/2012 4:08:40 PM,1.23329
27747,"INFORMATIKER_aus_dem_IRAN",12/4/2012 4:09:32 PM,1.01549
27028,"Ao infinito...e além!",12/4/2012 4:48:05 PM,0.93793
29625,"mortezamsp3",12/4/2012 5:18:51 PM,1.89243
29625,"mortezamsp3",12/4/2012 6:03:22 PM,1.02637
29628,"43226",12/4/2012 6:44:19 PM,1.34123
28393,"shirin",12/4/2012 7:26:17 PM,0.95619
25773,"johnsonav",12/4/2012 7:49:31 PM,0.84621
29630,"mortezamsp4",12/4/2012 8:15:45 PM,1.24022
29586,"89705",12/4/2012 8:42:46 PM,1.19304
27012,"IST - AML - MRS",12/4/2012 9:15:48 PM,1.01853
29618,"IST_AML_MathDaemon",12/4/2012 9:32:53 PM,2.07231
26686,"Dmitry Efimov",12/4/2012 9:51:18 PM,0.83080
29618,"IST_AML_MathDaemon",12/4/2012 10:20:46 PM,2.05672
26083,"154089",12/4/2012 10:40:59 PM,1.01316
28116,"borono",12/4/2012 10:53:23 PM,1.01263
28116,"borono",12/4/2012 10:57:12 PM,1.01208
29388,"Mehrzad Jafari",12/4/2012 11:10:39 PM,1.01192
29383,"Jimbo Jimbo",12/4/2012 11:20:02 PM,1.01247
29424,"Joseph ",12/4/2012 11:26:45 PM,1.01192
28113,"Surena-Shiraz University",12/4/2012 11:45:55 PM,1.01395
28113,"Surena-Shiraz University",12/4/2012 11:48:16 PM,1.01202
28044,"Sina davanian",12/4/2012 11:52:32 PM,1.00226
28044,"Sina davanian",12/5/2012 12:06:32 AM,0.96914
29460,"Ahoo",12/5/2012 12:30:17 AM,1.01828
28096,"ChiToz",12/5/2012 12:35:48 AM,1.01551
28096,"ChiToz",12/5/2012 12:42:04 AM,1.01266
26887,"Meowmix",12/5/2012 12:43:05 AM,1.35284
25583,"Supernova",12/5/2012 1:22:07 AM,0.80358
29658,"Jimi",12/5/2012 1:31:21 AM,1.01232
29658,"Jimi",12/5/2012 1:36:45 AM,1.01205
29661,"english",12/5/2012 1:43:27 AM,1.01376
29661,"english",12/5/2012 1:45:43 AM,1.01172
29665,"james Band",12/5/2012 1:56:05 AM,1.01195
29665,"james Band",12/5/2012 1:58:54 AM,1.01141
29666,"edi",12/5/2012 2:04:01 AM,1.01357
29666,"edi",12/5/2012 2:07:37 AM,1.01101
29667,"airbus",12/5/2012 2:16:07 AM,1.01105
29385,"imam123",12/5/2012 5:43:35 AM,0.97738
29683,"kris",12/5/2012 8:31:43 AM,1.01115
29683,"kris",12/5/2012 8:34:47 AM,1.01094
29682,"sama",12/5/2012 8:38:18 AM,1.01099
29383,"Jimbo Jimbo",12/5/2012 8:58:58 AM,1.01178
29684,"giba",12/5/2012 9:24:26 AM,1.01140
29684,"giba",12/5/2012 9:27:37 AM,1.01117
29384,"Shirin Gorji",12/5/2012 9:33:41 AM,1.01076
29425,"sm",12/5/2012 9:55:30 AM,1.01086
28116,"borono",12/5/2012 9:58:47 AM,1.01159
28659,"najm",12/5/2012 11:02:01 AM,0.95737
28040,"E.Ashoor",12/5/2012 11:12:15 AM,1.44085
27012,"IST - AML - MRS",12/5/2012 11:19:00 AM,1.01846
28040,"E.Ashoor",12/5/2012 12:05:39 PM,1.04968
28402,"EsfahanPoor",12/5/2012 12:23:53 PM,0.95619
26472,"mortezamsp",12/5/2012 1:07:06 PM,1.19455
29695,"Gian",12/5/2012 2:50:55 PM,1.01880
29622,"mortezamsp2",12/5/2012 4:27:19 PM,1.01911
29622,"mortezamsp2",12/5/2012 4:33:48 PM,1.01460
29702,"Hu Chen",12/5/2012 4:49:06 PM,1.14409
29630,"mortezamsp4",12/5/2012 4:59:00 PM,1.23008
29212,"Matthias Rosenkranz",12/5/2012 5:12:46 PM,2.25766
29212,"Matthias Rosenkranz",12/5/2012 5:22:02 PM,1.41062
29705,"morteza sadeghi",12/5/2012 5:29:36 PM,1.28448
28668,"vsu",12/5/2012 5:37:54 PM,0.89058
28668,"vsu",12/5/2012 5:43:34 PM,0.89015
27012,"IST - AML - MRS",12/5/2012 6:05:44 PM,1.01818
26422,"IST AML AIM",12/5/2012 7:19:44 PM,1.71718
29388,"Mehrzad Jafari",12/5/2012 8:54:53 PM,1.01018
29720,"Chris Beavers",12/5/2012 9:00:13 PM,1.70778
26083,"154089",12/5/2012 9:15:04 PM,1.01111
29726,"s.t1",12/5/2012 10:21:35 PM,1.01880
29726,"s.t1",12/5/2012 10:32:29 PM,1.01778
26556,"miguel",12/5/2012 10:36:03 PM,1.36933
29424,"Joseph ",12/5/2012 10:56:49 PM,1.00362
29728,"brayan trisi",12/5/2012 10:58:03 PM,1.00822
29460,"Ahoo",12/5/2012 10:59:38 PM,0.97365
26422,"IST AML AIM",12/5/2012 11:03:49 PM,1.51282
29730,"s.t3",12/5/2012 11:12:44 PM,2.20718
29464,"ardeshir",12/5/2012 11:22:10 PM,0.97365
29732,"jess kag",12/5/2012 11:24:14 PM,1.00859
29618,"IST_AML_MathDaemon",12/5/2012 11:27:26 PM,1.80810
29733,"BLetson",12/5/2012 11:29:57 PM,1.88221
29618,"IST_AML_MathDaemon",12/5/2012 11:37:43 PM,1.68722
29734,"tim",12/5/2012 11:40:54 PM,1.00808
27667,"Quadrivio",12/5/2012 11:44:03 PM,0.88081
27667,"Quadrivio",12/5/2012 11:54:00 PM,0.87779
29735,"Nicoulas richardson",12/5/2012 11:57:50 PM,1.01010
27667,"Quadrivio",12/6/2012 12:05:51 AM,0.85867
26422,"IST AML AIM",12/6/2012 12:11:58 AM,1.45546
29385,"imam123",12/6/2012 3:16:22 AM,0.96728
26791,"Alexander D'yakonov (MSU, Moscow, Russia)",12/6/2012 7:19:38 AM,0.86046
28402,"EsfahanPoor",12/6/2012 8:15:04 AM,0.95538
26957,"Ivan Guz",12/6/2012 8:35:47 AM,0.77057
28393,"shirin",12/6/2012 10:39:28 AM,0.95538
27012,"IST - AML - MRS",12/6/2012 12:16:54 PM,1.01733
28406,"Tim Salimans",12/6/2012 12:37:22 PM,1.01346
25568,"Arman Eb",12/6/2012 12:47:24 PM,0.95589
25568,"Arman Eb",12/6/2012 12:50:32 PM,0.95451
26472,"mortezamsp",12/6/2012 1:36:13 PM,1.09705
28090,"Andrew Beam",12/6/2012 4:10:42 PM,1.01880
29183,"Ebnes Ina",12/6/2012 4:24:41 PM,1.05159
29695,"Gian",12/6/2012 5:25:14 PM,1.01274
25746,"luoq",12/6/2012 5:48:38 PM,1.16127
29733,"BLetson",12/6/2012 7:04:43 PM,1.57300
26887,"Meowmix",12/6/2012 8:22:15 PM,1.34322
29618,"IST_AML_MathDaemon",12/6/2012 9:22:44 PM,1.68133
29460,"Ahoo",12/6/2012 9:29:55 PM,0.97221
29424,"Joseph ",12/6/2012 9:52:39 PM,0.98696
29790,"paul",12/6/2012 10:35:37 PM,1.00898
26180,"paper plates",12/6/2012 11:04:01 PM,0.94183
29618,"IST_AML_MathDaemon",12/6/2012 11:15:05 PM,1.67993
27024,"REX",12/7/2012 12:16:16 AM,1.03530
26422,"IST AML AIM",12/7/2012 12:27:12 AM,1.42923
27028,"Ao infinito...e além!",12/7/2012 12:29:33 AM,0.93756
25583,"Supernova",12/7/2012 4:35:02 AM,0.72590
25568,"Arman Eb",12/7/2012 7:40:39 AM,0.95322
28406,"Tim Salimans",12/7/2012 9:55:59 AM,0.92713
26248,"IST - AML - DJS",12/7/2012 10:19:46 AM,1.01871
29814,"drankhor",12/7/2012 10:26:07 AM,1.45148
28148,"anonymous",12/7/2012 12:20:48 PM,1.31819
27454,"Oloko",12/7/2012 3:47:40 PM,0.94216
29695,"Gian",12/7/2012 3:51:01 PM,0.94312
29695,"Gian",12/7/2012 3:53:32 PM,0.93716
27012,"IST - AML - MRS",12/7/2012 5:10:11 PM,1.01725
28148,"anonymous",12/7/2012 5:20:42 PM,1.17364
25548,"PlanetThanet",12/7/2012 6:20:56 PM,0.73689
28393,"shirin",12/7/2012 8:05:18 PM,0.95418
29814,"drankhor",12/7/2012 8:15:41 PM,1.43730
27012,"IST - AML - MRS",12/7/2012 8:21:22 PM,1.01709
29618,"IST_AML_MathDaemon",12/7/2012 10:15:05 PM,1.40263
29851,"alap",12/7/2012 10:27:58 PM,1.11605
29212,"Matthias Rosenkranz",12/7/2012 10:31:45 PM,1.23503
29853,"33755",12/7/2012 11:12:02 PM,2.53014
